{"SMA_20": 74.44755783081055, "SMA_50": 74.40469772338867, "EMA_20": 74.27089313549128, "EMA_50": 74.0907712150604, "RSI_14": 38.70692513523455, "MACD": -0.18846074684923053, "MACD_Signal": -0.0971769776338461, "MACD_Hist": -0.09128376921538443, "Ticker": "BND", "Nom": "Vanguard Total Bond Market ETF", "Secteur": "Obligations", "Domaine": "Obligations d'\u00c9tat", "Timestamp": 1729240312}