{"SMA_20": 31.77500009536743, "SMA_50": 30.974800033569338, "EMA_20": 31.628809969220555, "EMA_50": 31.200515758084695, "RSI_14": 49.92079464184526, "MACD": 0.2522108575779143, "MACD_Signal": 0.3349595580283996, "MACD_Hist": -0.08274870045048532, "Ticker": "BOTZ", "Nom": "Global X Robotics & Artificial Intelligence ETF", "Secteur": "Technologie", "Domaine": "Intelligence Artificielle et Robotique", "Timestamp": 1729240305}