{"SMA_20": 45.92599964141846, "SMA_50": 44.09439987182617, "EMA_20": 45.55108082249807, "EMA_50": 44.50603967218794, "RSI_14": 51.76776074520853, "MACD": 0.5167570702732718, "MACD_Signal": 0.7369848814730369, "MACD_Hist": -0.2202278111997651, "Ticker": "EEM", "Nom": "iShares MSCI Emerging Markets ETF", "Secteur": "March\u00e9s Internationaux", "Domaine": "March\u00e9s \u00c9mergents", "Timestamp": 1729240311}