{"SMA_20": 82.4819995880127, "SMA_50": 81.56219970703125, "EMA_20": 82.04719864383041, "EMA_50": 81.50944733891697, "RSI_14": 45.28845798696259, "MACD": -0.03501923542506802, "MACD_Signal": 0.1903093162776479, "MACD_Hist": -0.22532855170271593, "Ticker": "EFA", "Nom": "iShares MSCI EAFE ETF", "Secteur": "March\u00e9s Internationaux", "Domaine": "March\u00e9s D\u00e9velopp\u00e9s (hors \u00c9tats-Unis)", "Timestamp": 1729240310}