{"SMA_20": 244.80800094604493, "SMA_50": 237.03819976806642, "EMA_20": 243.6250294983067, "EMA_50": 237.72353658405342, "RSI_14": 67.55575708545649, "MACD": 2.7309680252558906, "MACD_Signal": 2.857793746007971, "MACD_Hist": -0.12682572075208043, "Ticker": "GLD", "Nom": "SPDR Gold Shares", "Secteur": "Or et M\u00e9taux Pr\u00e9cieux", "Domaine": "Or", "Timestamp": 1729240312}