{"SMA_20": 50.048500061035156, "SMA_50": 48.45599983215332, "EMA_20": 49.8060649158083, "EMA_50": 48.59626299241738, "RSI_14": 67.8209313462647, "MACD": 0.5594769462851161, "MACD_Signal": 0.5847838376689483, "MACD_Hist": -0.02530689138383213, "Ticker": "IAU", "Nom": "iShares Gold Trust", "Secteur": "Or et M\u00e9taux Pr\u00e9cieux", "Domaine": "Or", "Timestamp": 1729240312}