{"SMA_20": 144.61076583862305, "SMA_50": 145.3197512817383, "EMA_20": 144.96021279097312, "EMA_50": 144.5661750666994, "RSI_14": 52.99601051344151, "MACD": 0.02057131532603762, "MACD_Signal": -0.24816943729096336, "MACD_Hist": 0.268740752617001, "Ticker": "IBB", "Nom": "iShares Nasdaq Biotechnology ETF", "Secteur": "Sant\u00e9", "Domaine": "Biotechnologie", "Timestamp": 1729240306}