{"SMA_20": 14.130499887466431, "SMA_50": 14.177599983215332, "EMA_20": 13.951236219291758, "EMA_50": 14.08810585152154, "RSI_14": 33.883961715442, "MACD": -0.22231608253949453, "MACD_Signal": -0.11973842186945816, "MACD_Hist": -0.10257766067003637, "Ticker": "ICLN", "Nom": "iShares Global Clean Energy ETF", "Secteur": "\u00c9nergie", "Domaine": "\u00c9nergies renouvelables", "Timestamp": 1729240307}