{"SMA_20": 34.75512523651123, "SMA_50": 33.664750251770016, "EMA_20": 34.81698083737849, "EMA_50": 34.048657411821615, "RSI_14": 62.30936208653874, "MACD": 0.621559257208034, "MACD_Signal": 0.5537830263542839, "MACD_Hist": 0.06777623085375006, "Ticker": "IRBO", "Nom": "iShares Robotics and Artificial Intelligence ETF", "Secteur": "Technologie", "Domaine": "Intelligence Artificielle et Robotique", "Timestamp": 1729240306}