{"SMA_20": 82.43450012207032, "SMA_50": 80.81120010375976, "EMA_20": 82.35311182766092, "EMA_50": 81.27960075593873, "RSI_14": 56.87792429893424, "MACD": 0.7976966641877823, "MACD_Signal": 0.754053132883201, "MACD_Hist": 0.04364353130458132, "Ticker": "IXN", "Nom": "iShares Global Tech ETF", "Secteur": "Technologie", "Domaine": "Technologie de l'information", "Timestamp": 1729240305}