{"SMA_20": 104.80709648132324, "SMA_50": 102.59306289672851, "EMA_20": 105.34359262514047, "EMA_50": 102.87083754542267, "RSI_14": 73.74968380696077, "MACD": 1.7138178690173902, "MACD_Signal": 1.1901354508694058, "MACD_Hist": 0.5236824181479844, "Ticker": "IYF", "Nom": "iShares U.S. Financials ETF", "Secteur": "Finance", "Domaine": "Banques et Services Financiers", "Timestamp": 1729240307}