{"SMA_20": 96.94596939086914, "SMA_50": 96.15337493896484, "EMA_20": 96.7715263141951, "EMA_50": 96.06097114708335, "RSI_14": 54.35742069682532, "MACD": 0.17555050674806694, "MACD_Signal": 0.2503402699924546, "MACD_Hist": -0.07478976324438769, "Ticker": "JNK", "Nom": "SPDR Bloomberg High Yield Bond ETF", "Secteur": "Obligations", "Domaine": "Obligations d'Entreprise", "Timestamp": 1729240312}