{"SMA_20": 43.153500175476076, "SMA_50": 39.306200103759764, "EMA_20": 42.87208978006831, "EMA_50": 40.93204960779692, "RSI_14": 48.339961260049144, "MACD": 1.2905244370735147, "MACD_Signal": 1.8077873397635666, "MACD_Hist": -0.5172629026900519, "Ticker": "LIT", "Nom": "Global X Lithium & Battery Tech ETF", "Secteur": "Mat\u00e9riaux", "Domaine": "M\u00e9taux et Mines", "Timestamp": 1729240310}