{"SMA_20": 111.9149284362793, "SMA_50": 111.50942306518554, "EMA_20": 111.58518495758045, "EMA_50": 111.06553110117588, "RSI_14": 42.1568684316665, "MACD": -0.1949383216266085, "MACD_Signal": -0.03676391879413506, "MACD_Hist": -0.15817440283247344, "Ticker": "LQD", "Nom": "iShares iBoxx $ Investment Grade Corporate Bond ETF", "Secteur": "Obligations", "Domaine": "Obligations d'Entreprise", "Timestamp": 1729240311}