{"SMA_20": 487.67115020751953, "SMA_50": 475.83111877441405, "EMA_20": 486.70030399100585, "EMA_50": 479.0353229669465, "RSI_14": 57.93561380678264, "MACD": 5.000043249367934, "MACD_Signal": 5.080639389918697, "MACD_Hist": -0.08059614055076292, "Ticker": "QQQ", "Nom": "Invesco QQQ Trust", "Secteur": "Technologie", "Domaine": "Technologie de l'information", "Timestamp": 1729240307}