{"SMA_20": 56.43819999694824, "SMA_50": 54.89307998657227, "EMA_20": 56.18478510267422, "EMA_50": 55.494166205763975, "RSI_14": 51.1511263658982, "MACD": 0.4687552817103722, "MACD_Signal": 0.5979079680346452, "MACD_Hist": -0.129152686324273, "Ticker": "ROBO", "Nom": "ROBO Global Robotics and Automation Index ETF", "Secteur": "Technologie", "Domaine": "Intelligence Artificielle et Robotique", "Timestamp": 1729240305}