{"SMA_20": 22.868589305877684, "SMA_50": 22.548020935058595, "EMA_20": 22.797696993091982, "EMA_50": 22.414539150370036, "RSI_14": 57.19517104704576, "MACD": 0.06284960919597182, "MACD_Signal": 0.06175271708664543, "MACD_Hist": 0.0010968921093263903, "Ticker": "SCHH", "Nom": "Schwab US REIT ETF", "Secteur": "Immobilier", "Domaine": "Soci\u00e9t\u00e9s d'Investissement Immobilier (REITs)", "Timestamp": 1729240310}