{"SMA_20": 40.65799980163574, "SMA_50": 40.55039985656738, "EMA_20": 39.8934237198918, "EMA_50": 40.633220786594165, "RSI_14": 34.19348842290283, "MACD": -0.8480680036337702, "MACD_Signal": -0.31376375656120636, "MACD_Hist": -0.5343042470725639, "Ticker": "TAN", "Nom": "Invesco Solar ETF", "Secteur": "\u00c9nergie", "Domaine": "\u00c9nergies renouvelables", "Timestamp": 1729240306}