{"SMA_20": 96.2410675048828, "SMA_50": 97.32000946044921, "EMA_20": 95.84376228980715, "EMA_50": 96.22689556449649, "RSI_14": 35.39687205667482, "MACD": -1.024953958920591, "MACD_Signal": -0.7841131941895819, "MACD_Hist": -0.24084076473100902, "Ticker": "TLT", "Nom": "iShares 20+ Year Treasury Bond ETF", "Secteur": "Obligations", "Domaine": "Obligations d'\u00c9tat", "Timestamp": 1729240312}