{"SMA_20": 336.70679473876953, "SMA_50": 324.4905670166016, "EMA_20": 334.11419347142646, "EMA_50": 327.46981219280144, "RSI_14": 58.36266649587177, "MACD": 2.814580344885769, "MACD_Signal": 3.503963305126568, "MACD_Hist": -0.689382960240799, "Ticker": "VCR", "Nom": "Vanguard Consumer Discretionary ETF", "Secteur": "Consommation", "Domaine": "Biens de consommation discr\u00e9tionnaire", "Timestamp": 1729240309}