{"SMA_20": 216.53345947265626, "SMA_50": 215.49628326416016, "EMA_20": 216.3210504520691, "EMA_50": 214.54871363277516, "RSI_14": 52.91774962101302, "MACD": 0.23215970533266272, "MACD_Signal": 0.1917558731357895, "MACD_Hist": 0.04040383219687321, "Ticker": "VDC", "Nom": "Vanguard Consumer Staples ETF", "Secteur": "Consommation", "Domaine": "Biens de consommation de base", "Timestamp": 1729240309}