{"SMA_20": 125.9195713043213, "SMA_50": 123.88607284545898, "EMA_20": 126.05972565051904, "EMA_50": 124.8665308277415, "RSI_14": 52.74156724232852, "MACD": 1.2340242315944892, "MACD_Signal": 1.3575319985307575, "MACD_Hist": -0.1235077669362683, "Ticker": "VDE", "Nom": "Vanguard Energy ETF", "Secteur": "\u00c9nergie", "Domaine": "\u00c9nergies traditionnelles", "Timestamp": 1729240309}