{"SMA_20": 52.12200012207031, "SMA_50": 51.46271224975586, "EMA_20": 51.84936926151849, "EMA_50": 51.45168470028339, "RSI_14": 46.81450596765409, "MACD": 0.020241923253891514, "MACD_Signal": 0.15344822034690384, "MACD_Hist": -0.13320629709301232, "Ticker": "VEA", "Nom": "Vanguard FTSE Developed Markets ETF", "Secteur": "March\u00e9s Internationaux", "Domaine": "March\u00e9s D\u00e9velopp\u00e9s (hors \u00c9tats-Unis)", "Timestamp": 1729240312}