{"SMA_20": 588.1253845214844, "SMA_50": 571.6920495605468, "EMA_20": 588.5378593999886, "EMA_50": 576.5561629699718, "RSI_14": 61.82365389744353, "MACD": 9.045223444781072, "MACD_Signal": 8.035356907074325, "MACD_Hist": 1.0098665377067473, "Ticker": "VGT", "Nom": "Vanguard Information Technology ETF", "Secteur": "Technologie", "Domaine": "Technologie de l'information", "Timestamp": 1729240305}