{"SMA_20": 280.38538970947263, "SMA_50": 281.2261059570312, "EMA_20": 280.65891958165383, "EMA_50": 279.35652725411734, "RSI_14": 48.16379822173466, "MACD": -0.1504225703675388, "MACD_Signal": -0.24853350288441206, "MACD_Hist": 0.09811093251687325, "Ticker": "VHT", "Nom": "Vanguard Health Care ETF", "Secteur": "Sant\u00e9", "Domaine": "Soins de sant\u00e9", "Timestamp": 1729240306}