{"SMA_20": 96.14645805358887, "SMA_50": 94.70449905395508, "EMA_20": 95.83673870128402, "EMA_50": 94.17756344175747, "RSI_14": 57.05197952133285, "MACD": 0.2975252920918763, "MACD_Signal": 0.29727582931050733, "MACD_Hist": 0.0002494627813689476, "Ticker": "VNQ", "Nom": "Vanguard Real Estate ETF", "Secteur": "Immobilier", "Domaine": "Soci\u00e9t\u00e9s d'Investissement Immobilier (REITs)", "Timestamp": 1729240310}