{"SMA_20": 47.75050010681152, "SMA_50": 45.63433868408203, "EMA_20": 47.33156057197584, "EMA_50": 46.1042261169588, "RSI_14": 52.017740898658715, "MACD": 0.5922323757883134, "MACD_Signal": 0.8447766501260441, "MACD_Hist": -0.25254427433773063, "Ticker": "VWO", "Nom": "Vanguard FTSE Emerging Markets ETF", "Secteur": "March\u00e9s Internationaux", "Domaine": "March\u00e9s \u00c9mergents", "Timestamp": 1729240311}