{"SMA_20": 98.27225036621094, "SMA_50": 98.85830642700195, "EMA_20": 98.52426357007371, "EMA_50": 98.23601008788012, "RSI_14": 53.41498791272113, "MACD": 0.0045241378232958596, "MACD_Signal": -0.261046008318511, "MACD_Hist": 0.26557014614180685, "Ticker": "XBI", "Nom": "SPDR S&P Biotech ETF", "Secteur": "Sant\u00e9", "Domaine": "Biotechnologie", "Timestamp": 1729240305}