{"SMA_20": 95.69209899902344, "SMA_50": 92.95300018310547, "EMA_20": 95.3842607994405, "EMA_50": 93.56763350116145, "RSI_14": 66.1078583772853, "MACD": 1.024017033340968, "MACD_Signal": 0.9920976447358829, "MACD_Hist": 0.03191938860508503, "Ticker": "XLB", "Nom": "Materials Select Sector SPDR Fund", "Secteur": "Mat\u00e9riaux", "Domaine": "M\u00e9taux et Mines", "Timestamp": 1729240311}