{"SMA_20": 90.21615066528321, "SMA_50": 88.80053283691406, "EMA_20": 90.33806588535504, "EMA_50": 89.45787711539522, "RSI_14": 52.61653225271006, "MACD": 0.8784072693708538, "MACD_Signal": 0.9689253629681175, "MACD_Hist": -0.0905180935972637, "Ticker": "XLE", "Nom": "Energy Select Sector SPDR Fund", "Secteur": "\u00c9nergie", "Domaine": "\u00c9nergies traditionnelles", "Timestamp": 1729240307}