{"SMA_20": 45.70825023651123, "SMA_50": 44.769042892456056, "EMA_20": 45.91886326011559, "EMA_50": 44.86403387324057, "RSI_14": 73.36681594411628, "MACD": 0.6870888743860633, "MACD_Signal": 0.48861100273100344, "MACD_Hist": 0.1984778716550598, "Ticker": "XLF", "Nom": "Financial Select Sector SPDR Fund", "Secteur": "Finance", "Domaine": "Banques et Services Financiers", "Timestamp": 1729240308}