{"SMA_20": 226.28704910278321, "SMA_50": 220.20845794677734, "EMA_20": 226.3230164246796, "EMA_50": 222.25111831501317, "RSI_14": 58.90106670733872, "MACD": 3.140875239840625, "MACD_Signal": 2.925341952448785, "MACD_Hist": 0.21553328739183986, "Ticker": "XLK", "Nom": "Technology Select Sector SPDR Fund", "Secteur": "Technologie", "Domaine": "Technologie de l'information", "Timestamp": 1729240305}