{"SMA_20": 82.13104972839355, "SMA_50": 81.76648727416992, "EMA_20": 82.00954816136118, "EMA_50": 81.33783427069784, "RSI_14": 51.08106035445175, "MACD": 0.016235643948306233, "MACD_Signal": 0.02710545248669392, "MACD_Hist": -0.010869808538387687, "Ticker": "XLP", "Nom": "Consumer Staples Select Sector SPDR Fund", "Secteur": "Consommation", "Domaine": "Biens de consommation de base", "Timestamp": 1729240308}