{"SMA_20": 153.06065063476564, "SMA_50": 153.57103088378906, "EMA_20": 153.1881636612746, "EMA_50": 152.5409828152029, "RSI_14": 46.22891703520843, "MACD": -0.15231429361469395, "MACD_Signal": -0.14962076943095692, "MACD_Hist": -0.0026935241837370283, "Ticker": "XLV", "Nom": "Health Care Select Sector SPDR Fund", "Secteur": "Sant\u00e9", "Domaine": "Soins de sant\u00e9", "Timestamp": 1729240307}