{"SMA_20": 198.2707489013672, "SMA_50": 190.28112335205077, "EMA_20": 196.71790782260396, "EMA_50": 192.30101935983114, "RSI_14": 58.765718661339776, "MACD": 1.9458240321168603, "MACD_Signal": 2.3902230139498, "MACD_Hist": -0.4443989818329399, "Ticker": "XLY", "Nom": "Consumer Discretionary Select Sector SPDR Fund", "Secteur": "Consommation", "Domaine": "Biens de consommation discr\u00e9tionnaire", "Timestamp": 1729240309}